<?xml version="1.0" encoding="UTF-8"?>
<project-private xmlns="http://www.netbeans.org/ns/project-private/1">
    <editor-bookmarks xmlns="http://www.netbeans.org/ns/editor-bookmarks/2" lastBookmarkId="0"/>
    <open-files xmlns="http://www.netbeans.org/ns/projectui-open-files/2">
        <group>
            <file>file:/Users/baynv/NetBeansProjects/TienIchDaoTao/web/index.jsp</file>
            <file>file:/Users/baynv/NetBeansProjects/TienIchDaoTao/src/java/controller/StudentServlet.java</file>
            <file>file:/Users/baynv/NetBeansProjects/TienIchDaoTao/web/student-list.jsp</file>
            <file>file:/Users/baynv/NetBeansProjects/TienIchDaoTao/src/java/util/DBUtil.java</file>
            <file>file:/Users/baynv/NetBeansProjects/TienIchDaoTao/web/student-form.jsp</file>
        </group>
    </open-files>
</project-private>
